Language,Files,Size_Bytes,Size_KB,Size_MB,Characters,Lines,Blank_Lines,Code_Lines,Pure_Comment_Lines,Mixed_Lines,Comment_Lines
TypeScript,63,1681179,1641.78,1.6,1309376,37998,1062,34187,2749,0,2749
Go,72,1508398,1473.04,1.44,1046047,32706,2669,18036,11915,86,12001
TSX,69,652967,637.66,0.62,557831,16163,1328,11713,3045,77,3122
JSON,10,232817,227.36,0.22,232613,6734,6,6728,0,0,0
.log,1,1231311,1202.45,1.17,1229423,6196,0,6196,0,0,0
HTML,25,189135,184.7,0.18,153222,5325,498,4594,233,0,233
CSS,2,132047,128.95,0.13,110759,5337,719,3883,735,0,735
Markdown,4,91238,89.1,0.09,56395,1733,347,1386,0,0,0
.example,4,27896,27.24,0.03,18756,592,68,524,0,0,0
JavaScript,8,28167,27.51,0.03,23367,662,62,474,126,0,126
Go Sum,4,8052,7.86,0.01,8052,92,0,92,0,0,0
Config,2,5092,4.97,0.0,3954,162,24,73,65,0,65
Go Module,4,1498,1.46,0.0,1498,64,12,52,0,0,0
PowerShell,2,1815,1.77,0.0,1815,62,16,46,0,0,0
Git Ignore,2,2007,1.96,0.0,1183,42,8,14,20,0,20
Shell,2,284,0.28,0.0,284,2,0,2,0,0,0
[No Ext],1,62,0.06,0.0,62,1,0,1,0,0,0
